{"type": "block", "layer": 0, "block": 0, "features": [{"geom": {"triangles": {"v": [-4.230228888314974, 5.059974773394597, 0.0, -4.12459481940029, 4.564307219256486, 0.0, -3.7101842413503947, 5.165608842309279, 0.0, -3.255145175256385, 5.389065526551869, 0.0, -2.1741734652328484, 2.4109973529187765, 0.0, -2.45044718393278, 6.786685515269179, 0.0, -1.6703802134859114, 7.623632368977799, 0.0, -0.5246568506420746, 1.175891316377901, 0.0, -0.0046122036774953745, 0.5908410885427494, 0.0, -1.0447014976066482, 11.64585268534446, 0.0, -1.5403690517447666, 10.134472930103653, 0.0, -1.832894165662341, 9.305651774003861, 0.0, -1.7597628871829474, 9.75256514248904, 0.0, -0.7521763836890738, 12.937838605147087, 0.0, 0.8567117428575965, -0.018586232118867643, 0.0, -0.04549461977187419, 18.593324140886885, 0.0, 1.8480468511338222, -0.3842426245158365, 0.0, 0.5233042128456322, 19.657790527642504, 0.0, 0.18202491327512504, 19.121494485460286, 0.0, 0.7101952578485227, 20.1453323841718, 0.0, 17.173366469421538, 19.641539132424864, 0.0, 16.791458681806915, 21.96548864854783, 0.0, 17.100235190942136, 20.771011100051062, 0.0, 16.978349726809817, 21.632335046586146, 0.0, 14.735657186775065, 22.648047247688837, 0.0, 14.63814881546921, 22.680550038124125, 0.0, 14.304995213507532, 22.81868689747409, 0.0, 13.232149201092803, 23.655633751182712, 0.0, 10.591297478225803, 24.606340371414827, 0.0, 8.893026677982096, 24.752602928373623, 0.0, 9.97374445995537, 24.93949397337651, 0.0, 5.699627517715234, 24.476329209673683, 0.0, 7.763554710355902, 25.16701350642352, 0.0, 0.7020695602397042, 20.61662284548345, 0.0, 3.3675523039834454, 24.460077814456042, 0.0, -0.20800857194830935, 22.851189687909375, 0.0, 2.327463010054287, 24.516957697717793, 0.0, -0.273014152818879, 23.249348870741635, 0.0, -0.2486370599924126, 24.427575024020758, 0.0, 12.549590601951799, 24.005038748362036, 0.0, 11.96454037411665, 24.313815257497257, 0.0, 13.99621870437231, 23.103086313782843, 0.0, 16.100774385057093, 22.45303050507712, 0.0, 20.968067252741196, 5.047786226981366, 0.0, 21.56936887579399, 13.628522901896922, 0.0, 21.154958297744088, 15.188656842790659, 0.0, 20.651165045997153, 16.52127125063739, 0.0, 20.569908069908937, 17.195704152169583, 0.0, 20.09861760859729, 19.357139716116112, 0.0, 21.756259920796882, 17.09819578086372, 0.0, 20.651165045997153, 19.917812851124797, 0.0, 23.38139944256119, 17.6182404278283, 0.0, 21.11432980969998, 20.844142378530456, 0.0, 21.488111899705775, 21.315432839842106, 0.0, 24.27522617953156, 18.17891356283699, 0.0, 24.819647919322605, 20.478485986133485, 0.0, 25.047167452369614, 19.641539132424864, 0.0, 25.095921638022546, 18.91022634763093, 0.0, 24.86840210497554, 18.430810188710456, 0.0, 22.3656872414585, 21.867980277241966, 0.0, 24.67338536236382, 21.42106690875678, 0.0, 22.93448607407601, 22.323019343335975, 0.0, 23.942072577569885, 22.49365899312123, 0.0, 24.632756874319718, 22.77805840942998, 0.0, 22.739469331464292, 17.13069857129901, 0.0, 22.251927474934995, 16.98443601434022, 0.0, 18.37596971552712, 20.169709476998264, 0.0, 21.886271082538034, 11.702732568606212, 0.0, 21.91877387297332, 12.458422446226619, 0.0, 22.11379061558504, 13.482260344938135, 0.0, 21.349975040355808, 5.998492847213489, 0.0, 21.943150965799784, 7.948660273330661, 0.0, 22.195047591673244, 8.395573641815847, 0.0, 3.1400327709364406, -2.464421212374153, 0.0, 4.546032385312849, -4.69898805480008, 0.0, 5.643001562503757, -5.820334324817452, 0.0, 8.77139514190005, -6.145362229170314, 0.0, 14.711534021998885, -7.91676430789341, 0.0, 16.450433310286694, -8.030524074416913, 0.0, 21.10645804014144, -0.4533110541908193, 0.0, 21.447737339711935, 0.63553242539127, 0.0, 21.618123061446916, 1.7650043930174628, 0.0, 21.6506258518822, 2.5531970610731523, 0.0, 21.618123061446916, 3.877685771311062, 0.0, 21.52061469014106, 4.292096349360966, 0.0, 20.740801647744465, -5.446552234811662, 0.0, 21.236469201882578, -5.019953110348529, 0.0, 22.536580819294027, -2.931648824881391, 0.0, 20.440150836218073, -9.046236275519606, 0.0, 16.14165680115147, -8.948727904213747, 0.0, 16.011645639410332, -9.761297665095903, 0.0, 16.14978249876029, -10.744507075763309, 0.0, 16.653575750507233, -11.557076836645464, 0.0, 18.043070041615717, -13.011576708624522, 0.0, 21.090206644923793, -9.980691500534085, 0.0, 21.537120013408984, -10.516987542716306, 0.0, 18.294966667489177, -13.360981705803846, 0.0, 19.091285033153692, -14.214179954730112, 0.0, 22.991619885388037, -12.645920316227553, 0.0, 20.675796066873897, -16.546255168461894, 0.0, 19.091285033153692, -16.546255168461894, 0.0, 17.994315855962782, -15.392406108009235, 0.0, 18.44935492205679, -16.43249540193839, 0.0, 17.93743597270103, -16.16434738084728, 0.0, 21.073955249706156, -16.651889237376576, 0.0, 24.364862781278873, -15.37615471279159, 0.0, 21.25272059710023, -16.879408770423577, 0.0, 24.429868362149453, -15.758062500406204, 0.0, 21.545245711017802, -17.85449248348216, 0.0, 24.421742664540623, -18.0576349237027, 0.0, 21.732136756020694, -18.94333596306425, 0.0, 24.51925103584649, -19.341495145896506, 0.0, 24.33235999084359, -19.747780026337583, 0.0, 23.974829296055443, -20.275950370910984, 0.0, 21.342103270797264, -20.324704556563912, 0.0, 21.56962280384427, -21.186028503098996, 0.0, 21.277097689926695, -20.706612344178527, 0.0, 22.04929289081501, -22.85992221051624, 0.0, 21.463988734929586, -21.57606198832243, 0.0, 21.528994315800155, -22.217992099419334, 0.0, 21.325851875579616, -22.62427697986041, 0.0, 22.3093152142973, -23.144321626824993, 0.0, 21.98428730994444, -23.176824417260278, 0.0, 25.567719955434743, -24.070651154230646, 0.0, 22.845611256479526, -24.265667896842363, 0.0, 23.13001067278828, -25.102614750550984, 0.0, 22.796857070826594, -24.631324289239334, 0.0, 23.601301134099927, -25.622659397515562, 0.0, 24.4951278710703, -26.321469391874214, 0.0, 26.518426575666865, -25.151368936203912, 0.0, 26.632186342190366, -24.83446672945987, 0.0, 18.644371664668512, -14.002911816900749, 0.0, 18.416852131621507, -13.74288949341846, 0.0, 16.02789703462797, -10.32197080010459, 0.0, 12.273570811302136, -7.965518493546341, 0.0, 13.208026036316623, -8.0630268648522, 0.0, 13.833704752195874, -8.22554081702863, 0.0, 11.387869771940595, -7.933015703111055, 0.0, 10.160889433008535, -8.030524074416913, 0.0, 6.1386691166418705, -6.047853857864456, 0.0, 4.781677615968672, -5.308415375461694, 0.0, 1.2954994137339582, -0.2623571603835125, 0.0, -0.833687287827567, 14.961137309743652, 0.0, -0.9474470543510694, 15.432427771055307, 0.0],